10001,10001,western_europe,48.52,9.05
10002,10002,western_europe,48.53,9.04
108,108,western_europe,48.5167,-4.06667
139,139,western_europe,48.5167,-4.06667
159,159,western_europe,47.35,3.93333
350,350,western_europe,46.6667,4.11667
351,351,western_europe,46.6667,4.11667
4779,4779,western_europe,50.4,-4.9
4807,4807,western_europe,50.4,-4.9
4826,4826,western_europe,50.4,-4.9
4840,4840,western_europe,50.4,-4.9
4857,4857,western_europe,50.3,-4.9
4884,4884,western_europe,50.3,-4.9
4900,4900,western_europe,50.3,-4.8
4939,4939,western_europe,50.4,-4.7
4958,4958,western_europe,50.5,-4.5
5023,5023,western_europe,51.3,0.5
5210,5210,western_europe,51.2,0.3
5236,5236,western_europe,51.2,0.4
5249,5249,western_europe,51.2,0.3
5253,5253,western_europe,51.1,0.6
5276,5276,western_europe,51.3,1.1
5279,5279,western_europe,51.3,1.1
5349,5349,western_europe,51.1,0.4
5353,5353,western_europe,54.5,-3
5395,5395,western_europe,54.4,-3
5577,5577,western_europe,54.7,-3.4
5644,5644,western_europe,54.4,-2.9
5651,5651,western_europe,54.4,-2.9
5717,5717,western_europe,54.6,-3.2
5718,5718,western_europe,57,-3.4
5726,5726,western_europe,51.3,1.1
5741,5741,western_europe,56.6,-4.1
5776,5776,western_europe,52.9,-1.3
5779,5779,western_europe,51,-3.1
5798,5798,western_europe,53.1,-3.3
6108,6108,western_europe,55.7989,13.1206
628,628,western_europe,40.7777,-72.9069
630,630,western_europe,40.7777,-72.9069
6680,6680,western_europe,51.85,6.4333
6897,6897,western_europe,45,1.3
6904,6904,western_europe,49.2,16.6166
6908,6908,western_europe,51.4083,-0.6383
6923,6923,western_europe,51.4083,-0.6383
6924,6924,western_europe,51.4083,-0.6383
6926,6926,western_europe,44.46,-85.37
6943,6943,western_europe,51.4083,-0.6383
6944,6944,western_europe,51.4083,-0.6383
6958,6958,western_europe,46,3.3
6959,6959,western_europe,48.5,-1.41
6960,6960,western_europe,48.5,-1.41
6966,6966,western_europe,51.4083,-0.6383
6967,6967,western_europe,51.4083,-0.6383
6986,6986,western_europe,57.1539,-2.2207
6989,6989,western_europe,54.8,-2.4333
7026,7026,western_europe,54.4,-3.2667
7064,7064,western_europe,51.3,1.1
7071,7071,western_europe,48.0717,1.33867
7092,7092,western_europe,49.416,2.823
7107,7107,western_europe,54.7761,-1.5733
7109,7109,western_europe,51.3,0.5
7130,7130,western_europe,44.6447,2.56481
7217,7217,western_europe,48,0.5
7306,7306,western_europe,49.2655,-123.206
7307,7307,western_europe,48.0653,-2.96591
7320,7320,western_europe,49.4424,1.09849
7332,7332,western_europe,47,-122.2
7383,7383,western_europe,49.2655,-123.206
7387,7387,western_europe,54.9902,-2.3671
7417,7417,western_europe,47.3667,8.55
8214,8214,western_europe,49,2
8243,8243,western_europe,43.7703,11.2547
8244,8244,western_europe,48.6103,2.3086
8297,8297,western_europe,46.5,6.08
8337,8337,western_europe,44,12.37
88,88,western_europe,47.4,0.683333
9298,9298,western_europe,55.9681,-3.21833
9312,9312,western_europe,57.9,-5.1525
9314,9314,western_europe,57.9672,-3.96722
932,932,western_europe,42.3634,-71.1445
9503,9503,western_europe,55.8877,-3.21072
9517,9517,western_europe,42.19,-7.8
9569,9569,western_europe,42.87,-6.45
9571,9571,western_europe,43.28,-6.01
9578,9578,western_europe,42.13,-6.7
9585,9585,western_europe,43.4,-7.39
9590,9590,western_europe,43.37,-5.49
9599,9599,western_europe,42.8,-5.77
9809,9809,western_europe,48.52,9.05
9823,9823,western_europe,43.34,-5.84
9826,9826,western_europe,42.49,-6.71
9827,9827,western_europe,42.78,0.69
9828,9828,western_europe,42.5,-6.15
9847,9847,western_europe,43.31,-5.7
9851,9851,western_europe,42.96,-6.1
9853,9853,western_europe,43.33,-5.91
9854,9854,western_europe,43.36,-5.88
9862,9862,western_europe,40.45,-3.67
9875,9875,western_europe,43.38,-5.87
9908,9908,western_europe,50.72,3.47
9909,9909,western_europe,50.59,3.3
9910,9910,western_europe,50.68,3.52
9911,9911,western_europe,47.16,4.28
9912,9912,western_europe,46.67,4.55
9917,9917,western_europe,46.69,4.34
9918,9918,western_europe,47.43,5.21
9921,9921,western_europe,48.57,4.41
9925,9925,western_europe,48.91,4.52
9926,9926,western_europe,48.86,4.1
9927,9927,western_europe,44.05,3.69
9928,9928,western_europe,44.12,3.77
9929,9929,western_europe,43.92,3.71
9935,9935,western_europe,50.6,2.93
9937,9937,western_europe,50.79,2.69
9938,9938,western_europe,50.65,2.99
9941,9941,western_europe,40.92,-8.54
9949,9949,western_europe,42.69,-6.93
35520,35520,Tanzania,-2.8739,36.12
Tanz1,Tanz1,Tanz_h,-3.021568,37.159565
Tanz2,Tanz2,Tanz_h,-3.241237,36.770316
Tanz3,Tanz3,Tanz_h,-3.241237,36.770316
6933,6933,spain,41.59,2.49
6961,6961,spain,38.3333,-3.53333
6970,6970,spain,41.7194,2.93056
6971,6971,spain,41.7194,2.93056
7081,7081,spain,40.2077,-8.42639
7327,7327,spain,41.7833,3.03333
7328,7328,spain,41.7833,3.03333
8264,8264,spain,41.6833,2.8
8357,8357,spain,41.5,2.25
9507,9507,spain,38.45,-7.5
9509,9509,spain,39.29,-7.4
9510,9510,spain,38.75,-7.59
9511,9511,spain,38.53,-8.02
9512,9512,spain,38.22,-7.84
9514,9514,spain,39.15,-4.54
9515,9515,spain,39.72,-6.89
9518,9518,spain,39.88,-0.36
9519,9519,spain,41.94,2.64
9520,9520,spain,41.7,-3.68
9521,9521,spain,41.43,2.13
9522,9522,spain,36.52,-5.27
9524,9524,spain,42.52,-0.56
9525,9525,spain,42.49,0.54
9526,9526,spain,41.54,2.39
9528,9528,spain,40.94,-1.37
9531,9531,spain,41.21,-4.54
9532,9532,spain,42.23,-4.64
9534,9534,spain,40.05,-4.65
9535,9535,spain,42.31,3.19
9537,9537,spain,38.07,-6.66
9539,9539,spain,40.29,-6.67
9540,9540,spain,41.81,2.34
9541,9541,spain,38.26,-5.42
9544,9544,spain,39.4,-5.33
9546,9546,spain,40.82,-1.68
9547,9547,spain,41.67,2.62
9553,9553,spain,41.58,-4.71
9556,9556,spain,39.66,-4.34
9557,9557,spain,42.46,0.7
9560,9560,spain,38.19,-6.24
9562,9562,spain,41.67,2
9564,9564,spain,40.45,-1.6
9567,9567,spain,42.34,1.3
9568,9568,spain,42.76,-0.23
9573,9573,spain,41.86,2.99
9577,9577,spain,42.34,2.17
9582,9582,spain,41.48,-1.63
9584,9584,spain,41.19,-3.58
9586,9586,spain,41.03,-3.27
9587,9587,spain,41.5,-1.88
9588,9588,spain,42.11,0.6
9589,9589,spain,41.6,-2.83
9593,9593,spain,42.26,-2.99
9594,9594,spain,42.04,1.01
9597,9597,spain,42.31,-2.53
9601,9601,spain,41.85,-1.88
9602,9602,spain,40.5,-3.96
9817,9817,spain,39.84,-6.6
9819,9819,spain,42.35,-3.03
9820,9820,spain,41,-4.71
9821,9821,spain,41.81,2.49
9822,9822,spain,40.52,-4.02
9825,9825,spain,40.4,-3.88
9833,9833,spain,40.38,-4.21
9834,9834,spain,40.51,-3.9
9836,9836,spain,41.25,-1.32
9840,9840,spain,41.13,-1.43
9841,9841,spain,40.59,-4.15
9843,9843,spain,40.53,-3.92
9844,9844,spain,42.27,0.19
9845,9845,spain,40.48,-3.96
9846,9846,spain,42.31,-3.02
9848,9848,spain,40.11,-5.77
9850,9850,spain,42.86,-0.7
9852,9852,spain,40.46,-3.75
9855,9855,spain,40.57,-3.89
9856,9856,spain,40.51,-4
9857,9857,spain,40.33,-3.8
9859,9859,spain,40.5,-3.88
9860,9860,spain,42.24,-2.62
9861,9861,spain,40.72,-3.21
9864,9864,spain,41.76,2.69
9866,9866,spain,41.89,-2.79
9867,9867,spain,40.94,-3.22
9868,9868,spain,41.78,2.37
9870,9870,spain,41.91,0.17
9873,9873,spain,37.94,-5.45
9874,9874,spain,42.34,-3
9876,9876,spain,41.34,0.99
9878,9878,spain,40.78,-3.62
9880,9880,spain,42.72,-3.44
9882,9882,spain,40.46,-4.26
9883,9883,spain,42.1,-2.56
9885,9885,spain,41.14,-3.68
9886,9886,spain,42.38,1.73
9888,9888,spain,40.93,-3.31
9891,9891,spain,41.93,2.92
9895,9895,spain,41.78,2.57
9898,9898,spain,41.14,-3.58
9899,9899,spain,42.54,0.84
9900,9900,spain,37.38,-6.01
9901,9901,spain,42.27,-2.98
9902,9902,spain,40.71,-3.24
9903,9903,spain,42.31,-3.1
9904,9904,spain,40.95,-3.31
9942,9942,spain,41.32,-1.34
9943,9943,spain,39.73,-5.74
9946,9946,spain,38.92,-6.34
9948,9948,spain,41.05,-3.54
9950,9950,spain,42.63,0.76
1002,1002,south_sweden,55.3833,14.05
1006,1006,south_sweden,55.3833,14.05
1061,1061,south_sweden,55.7167,14.1333
1062,1062,south_sweden,55.7167,14.1333
1063,1063,south_sweden,55.7167,14.1333
1066,1066,south_sweden,55.7167,14.1333
1070,1070,south_sweden,55.7167,14.1333
1158,1158,south_sweden,56.7,16.5167
1166,1166,south_sweden,56.7,16.5167
5830,5830,south_sweden,56.3333,15.9667
5831,5831,south_sweden,56.3333,15.9667
5832,5832,south_sweden,56.3333,15.9667
5836,5836,south_sweden,55.86,13.51
5865,5865,south_sweden,55.76,14.12
5867,5867,south_sweden,55.76,14.12
6019,6019,south_sweden,56.06,14.29
6020,6020,south_sweden,56.06,14.29
6021,6021,south_sweden,56.06,14.29
6022,6022,south_sweden,56.06,14.29
6023,6023,south_sweden,55.7509,13.3712
6024,6024,south_sweden,55.7509,13.3712
6034,6034,south_sweden,56.1,13.74
6035,6035,south_sweden,56.1,13.74
6036,6036,south_sweden,56.1,13.74
6038,6038,south_sweden,56.1,13.74
6040,6040,south_sweden,55.66,13.4
6041,6041,south_sweden,56.0328,14.775
6073,6073,south_sweden,56.1481,15.8155
6074,6074,south_sweden,56.4573,16.1308
6076,6076,south_sweden,55.6942,13.4504
6077,6077,south_sweden,55.6942,13.4504
6085,6085,south_sweden,55.7097,13.2145
6087,6087,south_sweden,56.4666,16.1284
6088,6088,south_sweden,56.4666,16.1284
6090,6090,south_sweden,55.6525,13.2197
6091,6091,south_sweden,55.6525,13.215
6092,6092,south_sweden,55.6514,13.2233
6094,6094,south_sweden,55.6494,13.2147
6095,6095,south_sweden,55.6486,13.2161
6096,6096,south_sweden,55.6472,13.2225
6097,6097,south_sweden,55.6481,13.2264
6098,6098,south_sweden,55.6561,13.2178
6099,6099,south_sweden,55.6575,13.2386
6100,6100,south_sweden,55.6,13.2
6101,6101,south_sweden,55.6,13.2
6102,6102,south_sweden,55.6,13.2
6104,6104,south_sweden,55.7,13.2
6105,6105,south_sweden,55.7967,13.1211
6106,6106,south_sweden,55.7931,13.1186
6107,6107,south_sweden,55.7942,13.1222
6109,6109,south_sweden,55.7936,13.1233
6111,6111,south_sweden,55.7989,13.1219
6112,6112,south_sweden,55.7967,13.1044
6113,6113,south_sweden,55.8078,13.1028
6114,6114,south_sweden,55.8097,13.1342
6115,6115,south_sweden,55.8,13.1367
6118,6118,south_sweden,55.7,13.2
6119,6119,south_sweden,55.7,13.2
6122,6122,south_sweden,55.8364,13.3075
6123,6123,south_sweden,55.8369,13.3033
6124,6124,south_sweden,55.8378,13.3092
6125,6125,south_sweden,55.8403,13.3106
6126,6126,south_sweden,55.8411,13.3047
6128,6128,south_sweden,55.8397,13.2881
6131,6131,south_sweden,55.8369,13.3181
6132,6132,south_sweden,55.8386,13.3186
6133,6133,south_sweden,55.8364,13.2906
6134,6134,south_sweden,55.8383,13.2906
6136,6136,south_sweden,55.9336,13.5519
6137,6137,south_sweden,55.9419,13.5603
6138,6138,south_sweden,55.9403,13.5511
6140,6140,south_sweden,55.9392,13.5539
6141,6141,south_sweden,55.9414,13.5542
6142,6142,south_sweden,55.9428,13.5558
6145,6145,south_sweden,55.9497,13.5533
6148,6148,south_sweden,55.9319,13.5508
6149,6149,south_sweden,55.9281,13.5481
6150,6150,south_sweden,55.9261,13.5319
6151,6151,south_sweden,55.6528,13.2244
6188,6188,south_sweden,55.7683,14.1386
6189,6189,south_sweden,55.7686,14.1383
6191,6191,south_sweden,55.7689,14.1375
6192,6192,south_sweden,55.7692,14.1369
6193,6193,south_sweden,55.7694,14.1347
6194,6194,south_sweden,55.7706,14.1342
6195,6195,south_sweden,55.7708,14.1342
6198,6198,south_sweden,55.7708,14.1331
6201,6201,south_sweden,55.7719,14.1211
6202,6202,south_sweden,55.7717,14.1206
6203,6203,south_sweden,55.7714,14.1208
6242,6242,south_sweden,55.7,13.2
6284,6284,south_sweden,55.5796,14.3336
6413,6413,south_sweden,56.06,13.97
6974,6974,south_sweden,56.0648,13.9707
7013,7013,south_sweden,52.4584,13.287
7164,7164,south_sweden,55.675,12.5686
7343,7343,south_sweden,52.5339,13.181
7346,7346,south_sweden,52.6058,11.8558
7354,7354,south_sweden,56.5,14.9
8222,8222,south_sweden,56.0328,14.775
8230,8230,south_sweden,56.68,16.5
8231,8231,south_sweden,56.3,16
8234,8234,south_sweden,56.4606,15.8127
8237,8237,south_sweden,55.8,13.1
8240,8240,south_sweden,55.705,13.196
8241,8241,south_sweden,55.9473,13.821
8242,8242,south_sweden,56.1494,15.7884
8247,8247,south_sweden,56.07,13.74
8249,8249,south_sweden,57.7,15.8
8258,8258,south_sweden,56.4,12.9
8259,8259,south_sweden,56.4,12.9
8283,8283,south_sweden,55.76,14.12
8306,8306,south_sweden,56.1,13.74
8307,8307,south_sweden,56.1,13.74
8326,8326,south_sweden,56.0328,14.775
8335,8335,south_sweden,55.71,13.2
8369,8369,south_sweden,55.6942,13.4504
8422,8422,south_sweden,56.06,14.29
8426,8426,south_sweden,56.06,13.97
8427,8427,south_sweden,56.0648,13.9707
9057,9057,south_sweden,56.1,13.9167
9339,9339,south_sweden,57.7133,15.0689
9352,9352,south_sweden,57.2608,16.3675
9353,9353,south_sweden,57.2608,16.3675
9369,9369,south_sweden,57.6781,14.9986
9370,9370,south_sweden,57.6781,14.9986
9380,9380,south_sweden,55.7488,13.3742
9390,9390,south_sweden,57.3263,15.8979
9391,9391,south_sweden,57.3263,15.8979
9392,9392,south_sweden,57.3263,15.8979
9395,9395,south_sweden,57.5089,15.0105
9399,9399,south_sweden,55.4234,13.9905
9402,9402,south_sweden,57.8765,14.8549
9404,9404,south_sweden,55.7491,13.399
9405,9405,south_sweden,55.7491,13.399
9407,9407,south_sweden,55.7491,13.399
9408,9408,south_sweden,56.047,13.9519
9409,9409,south_sweden,56.0573,14.302
9412,9412,south_sweden,57.2746,16.1494
9413,9413,south_sweden,57.2746,16.1494
9416,9416,south_sweden,57.7215,18.3837
9421,9421,south_sweden,55.9745,14.3997
9436,9436,south_sweden,56.1633,14.6806
9437,9437,south_sweden,56.1633,14.6806
9450,9450,south_sweden,57.2545,18.2109
9451,9451,south_sweden,57.2545,18.2109
9452,9452,south_sweden,57.2545,18.2109
9453,9453,south_sweden,57.8009,18.5162
9454,9454,south_sweden,57.8009,18.5162
9455,9455,south_sweden,57.8009,18.5162
9470,9470,south_sweden,57.6511,14.8043
9471,9471,south_sweden,56.0648,13.9707
9481,9481,south_sweden,55.4242,13.8484
991,991,south_sweden,55.3833,14.05
992,992,south_sweden,55.3833,14.05
997,997,south_sweden,55.3833,41.14
22006,22006,SMA,32.97243,-5.44856
22004,22004,SMA,32.92735,-5.51027
22002,22002,SMA,33.55006,-5.17465
18514,18514,SMA,33.42357,-5.17911
18512,18512,SMA,32.53516,-6.014969
18510,18510,SMA,32.04208,-6.22955
37467,37467,SMA,32.53516,-6.014969
37469,37469,SMA,32.53516,-6.014969
37471,37471,SMA,32.53516,-6.014969
35513,35513,SMA,32.07853,-6.275309
35594,35594,SMA,33.42357,-5.17911
35599,35599,SMA,33.42357,-5.17911
35600,35600,SMA,33.55006,-5.17465
35625,35625,SMA,33.42357,-5.17911
35622,35622,SMA,33.42357,-5.17911
35607,35607,SMA,32.97243,-5.44856
35608,35608,SMA,32.92735,-5.51027
35610,35610,SMA,33.55006,-5.17465
35611,35611,SMA,33.42357,-5.17911
35615,35615,SMA,32.97243,-5.44856
35618,35618,SMA,33.55006,-5.17465
35619,35619,SMA,32.97243,-5.44856
35621,35621,SMA,32.53516,-6.014969
35605,35605,SMA,32.97243,-5.44856
35623,35623,SMA,32.97243,-5.44856
SA1,SA1,SA_h,-34.125,19.375
SA2,SA2,SA_h,-34.225,19.475
SA3,SA3,SA_h,-34.725,19.575
SA4,SA4,SA_h,-29.625,17.625
SA5,SA5,SA_h,-34.025,19.075
9533,9533,relict,41.15,-4.32
9542,9542,relict,40.79,-4.05
9543,9543,relict,36.77,-5.39
9545,9545,relict,39.4,-5.78
9549,9549,relict,42.23,-3.69
9550,9550,relict,43.05,-5.37
9554,9554,relict,38.86,-3.16
9555,9555,relict,39.58,-3.93
9574,9574,relict,38.6,-2.7
9583,9583,relict,37.09,-3.38
9598,9598,relict,41.88,-6.51
9600,9600,relict,39.85,-6.04
9832,9832,relict,40.54,-3.69
9837,9837,relict,37.94,-5.6
9869,9869,relict,36.76,-5.28
9871,9871,relict,40.75,-3.99
9879,9879,relict,37.6,-1.12
9887,9887,relict,40.4,-4.77
9905,9905,relict,40.76,-4.01
9944,9944,relict,36.83,-6.36
9947,9947,relict,40.74,-3.9
18515,18515,R,35.4528,-5.42698
35614,35614,R,35.4528,-5.42698
22007,22007,R,34.99519,-4.83141
21999,21999,R,34.96076,-4.66611
35617,35617,R,35.04256,-5.02369
22008,22008,R,35.04256,-5.02369
37470,37470,R,34.96076,-4.66611
35512,35512,R,34.96076,-4.66611
37457,37457,R,35.04256,-5.02369
9764,9764,Qar,34.1,35.84
1254,1254,north_sweden,59.4333,17.0167
1257,1257,north_sweden,59.4333,17.0167
1552,1552,north_sweden,63.0833,18.3667
5856,5856,north_sweden,63.0167,17.4914
5860,5860,north_sweden,62.6814,18.0165
6009,6009,north_sweden,62.877,18.177
6010,6010,north_sweden,62.877,18.177
6011,6011,north_sweden,62.877,18.177
6012,6012,north_sweden,62.877,18.177
6013,6013,north_sweden,62.877,18.177
6016,6016,north_sweden,62.9,18.4
6017,6017,north_sweden,62.9,18.4
6025,6025,north_sweden,62.6437,17.7339
6030,6030,north_sweden,62.806,18.1896
6043,6043,north_sweden,62.801,18.079
6046,6046,north_sweden,62.801,18.079
6064,6064,north_sweden,62.9513,18.2763
6069,6069,north_sweden,62.9513,18.2763
6070,6070,north_sweden,62.9308,18.3448
6071,6071,north_sweden,62.9308,18.3448
6153,6153,north_sweden,62.6425,17.7422
6154,6154,north_sweden,62.6422,17.7406
6163,6163,north_sweden,62.6425,17.7356
6166,6166,north_sweden,62.6425,17.7372
6169,6169,north_sweden,62.8714,18.3447
6172,6172,north_sweden,62.8717,18.3436
6173,6173,north_sweden,62.8717,18.3419
6174,6174,north_sweden,62.8719,18.3422
6177,6177,north_sweden,62.6322,17.69
6184,6184,north_sweden,62.8892,18.4522
6209,6209,north_sweden,62.8836,18.1842
6210,6210,north_sweden,62.8839,18.1836
6214,6214,north_sweden,63.0175,18.3281
6216,6216,north_sweden,63.0167,18.3283
6217,6217,north_sweden,63.0169,18.3283
6218,6218,north_sweden,63.0172,18.3283
6220,6220,north_sweden,62.806,18.1896
6221,6221,north_sweden,62.806,18.1896
6231,6231,north_sweden,62.96,18.2844
6235,6235,north_sweden,62.9611,18.3589
6237,6237,north_sweden,62.9619,18.35
6238,6238,north_sweden,62.9619,18.35
6240,6240,north_sweden,62.9622,18.35
6241,6241,north_sweden,62.9614,18.3608
6244,6244,north_sweden,62.9169,18.4728
6900,6900,north_sweden,63.324,18.484
6901,6901,north_sweden,63.324,18.484
6913,6913,north_sweden,62.877,18.177
6917,6917,north_sweden,63.0165,18.3174
6918,6918,north_sweden,63.0165,18.3174
6968,6968,north_sweden,60,23.5
6969,6969,north_sweden,60,23.5
8227,8227,north_sweden,62.7989,17.9103
8351,8351,north_sweden,60.25,18.37
8376,8376,north_sweden,62.69,18
9321,9321,north_sweden,62.8622,18.336
9323,9323,north_sweden,62.8622,18.336
9332,9332,north_sweden,62.8698,18.381
9363,9363,north_sweden,62.9147,18.4045
9371,9371,north_sweden,63.016,18.3175
9386,9386,north_sweden,62.806,18.1896
9388,9388,north_sweden,62.806,18.1896
9427,9427,north_sweden,62.8815,18.4055
9433,9433,north_sweden,62.9513,18.2763
22011,22011,NMA,33.8723,-4.02647
22005,22005,NMA,34.09166,-4.10258
22001,22001,NMA,35.04256,-5.02369
18509,18509,NMA,34.05293,-4.22245
22000,22000,NMA,33.9561,-4.05153
35620,35620,NMA,34.09166,-4.10258
35624,35624,NMA,33.8723,-4.02647
37473,37473,NMA,33.9561,-4.05153
35521,35521,NMA,34.01934,-4.0839
35522,35522,NMA,34.01934,-4.0839
35593,35593,NMA,34.09166,-4.10258
35603,35603,NMA,33.9561,-4.05153
35609,35609,NMA,34.09166,-4.10258
35612,35612,NMA,34.05293,-4.22245
9606,9606,NA,31.48,-7.45
9939,9939,NA,31.48,-7.45
10004,10004,italy_balkan_caucasus,44.46,25.74
10006,10006,italy_balkan_caucasus,44.6419,34.3814
10012,10012,italy_balkan_caucasus,38.9786,48.5594
10013,10013,italy_balkan_caucasus,38.7406,48.6131
10014,10014,italy_balkan_caucasus,38.6536,48.7992
7068,7068,italy_balkan_caucasus,42,12.1
7077,7077,italy_balkan_caucasus,40.12,-8.25
9067,9067,italy_balkan_caucasus,38.6536,48.7992
9069,9069,italy_balkan_caucasus,38.6536,48.7992
9070,9070,italy_balkan_caucasus,38.6536,48.7992
9075,9075,italy_balkan_caucasus,38.7406,48.6131
9078,9078,italy_balkan_caucasus,38.7406,48.6131
9079,9079,italy_balkan_caucasus,38.7833,48.5517
9081,9081,italy_balkan_caucasus,38.7833,48.5517
9084,9084,italy_balkan_caucasus,38.7833,48.5517
9085,9085,italy_balkan_caucasus,38.7833,48.5517
9089,9089,italy_balkan_caucasus,38.9522,48.925
9091,9091,italy_balkan_caucasus,38.9522,48.925
9095,9095,italy_balkan_caucasus,38.9786,48.5594
9099,9099,italy_balkan_caucasus,38.9786,48.5594
9100,9100,italy_balkan_caucasus,41.8296,46.2831
9102,9102,italy_balkan_caucasus,41.8296,46.2831
9103,9103,italy_balkan_caucasus,41.8296,46.2831
9104,9104,italy_balkan_caucasus,41.8296,46.2831
9105,9105,italy_balkan_caucasus,41.8296,46.2831
9106,9106,italy_balkan_caucasus,41.8296,46.2831
9111,9111,italy_balkan_caucasus,41.8296,46.2831
9113,9113,italy_balkan_caucasus,41.8296,46.2831
9114,9114,italy_balkan_caucasus,41.8296,46.2831
9115,9115,italy_balkan_caucasus,41.8296,46.2831
9121,9121,italy_balkan_caucasus,41.7942,43.4767
9613,9613,italy_balkan_caucasus,55.36,61.41
9646,9646,italy_balkan_caucasus,,
9647,9647,italy_balkan_caucasus,40.37,16.77
9648,9648,italy_balkan_caucasus,39.48,16.28
9649,9649,italy_balkan_caucasus,39.13,16.17
9651,9651,italy_balkan_caucasus,40.68,14.87
9653,9653,italy_balkan_caucasus,38.44,16.13
9655,9655,italy_balkan_caucasus,38.92,16.47
9656,9656,italy_balkan_caucasus,40.64,17.31
9657,9657,italy_balkan_caucasus,38.45,16.04
9658,9658,italy_balkan_caucasus,38.97,16.34
9659,9659,italy_balkan_caucasus,41.18,14.18
9660,9660,italy_balkan_caucasus,40.84,14.57
9661,9661,italy_balkan_caucasus,39.58,16.21
9697,9697,italy_balkan_caucasus,41.62,23.94
9698,9698,italy_balkan_caucasus,41.57,23.85
9699,9699,italy_balkan_caucasus,41.37,23.14
9700,9700,italy_balkan_caucasus,42.32,23.1
9701,9701,italy_balkan_caucasus,43.7,25.91
9703,9703,italy_balkan_caucasus,41.53,23.39
9704,9704,italy_balkan_caucasus,41.53,23.39
9705,9705,italy_balkan_caucasus,41.5,23.33
9706,9706,italy_balkan_caucasus,41.64,24.18
9707,9707,italy_balkan_caucasus,41.57,24.84
9708,9708,italy_balkan_caucasus,41.62,25.35
9709,9709,italy_balkan_caucasus,41.85,23.13
9710,9710,italy_balkan_caucasus,41.85,23.13
9711,9711,italy_balkan_caucasus,42.32,23.1
9712,9712,italy_balkan_caucasus,42.32,23.1
9713,9713,italy_balkan_caucasus,42.49,25.61
9714,9714,italy_balkan_caucasus,41.84,25.75
9716,9716,italy_balkan_caucasus,41.54,24.98
9717,9717,italy_balkan_caucasus,41.66,25.47
9718,9718,italy_balkan_caucasus,41.55,24.75
9719,9719,italy_balkan_caucasus,41.83,25.69
9720,9720,italy_balkan_caucasus,41.77,25.68
9721,9721,italy_balkan_caucasus,42.72,25.33
9722,9722,italy_balkan_caucasus,41.71,24.41
9723,9723,italy_balkan_caucasus,41.42,23.67
9725,9725,italy_balkan_caucasus,37.6,23.08
9726,9726,italy_balkan_caucasus,37.07,22.04
9749,9749,italy_balkan_caucasus,43.54,22.29
9755,9755,italy_balkan_caucasus,44.56,22.56
9757,9757,italy_balkan_caucasus,44.3,21.08
9759,9759,italy_balkan_caucasus,37.47,49.47
9962,9962,italy_balkan_caucasus,40.57,40.93
9963,9963,italy_balkan_caucasus,39.18,43.16
9964,9964,italy_balkan_caucasus,38.36,41.93
9965,9965,italy_balkan_caucasus,38.38,42.68
9966,9966,italy_balkan_caucasus,40.28,42.59
9968,9968,italy_balkan_caucasus,39.27,41.78
9969,9969,italy_balkan_caucasus,40.18,40.95
9980,9980,italy_balkan_caucasus,38.62,50.59
9981,9981,italy_balkan_caucasus,38.76,55.3833
9982,9982,italy_balkan_caucasus,39.01,50.68
9985,9985,italy_balkan_caucasus,41.43,47.58
9986,9986,italy_balkan_caucasus,41.59,47.45
9987,9987,italy_balkan_caucasus,41.43,46.69
9988,9988,italy_balkan_caucasus,41.7942,47.43
9990,9990,italy_balkan_caucasus,41.8296,55.3833
9991,9991,italy_balkan_caucasus,41.2381,48.54
21138,21138,italy_balkan_caucasus,34.882929,32.861912
22010,22010,HA,31.2366,-7.81285
22009,22009,HA,31.22656,-7.67361
22003,22003,HA,31.2366,-7.81285
18516,18516,HA,31.47197,-7.40644
18511,18511,HA,31.47197,-7.40644
18513,18513,HA,31.41988,-7.5262
35523,35523,HA,31.47197,-7.40644
35598,35598,HA,31.47197,-7.40644
35595,35595,HA,31.47197,-7.40644
35596,35596,HA,31.47197,-7.40644
35601,35601,HA,31.47197,-7.40644
35602,35602,HA,31.22656,-7.67361
35604,35604,HA,31.41988,-7.5262
35606,35606,HA,31.47197,-7.40644
35613,35613,HA,31.47197,-7.40644
35616,35616,HA,31.47197,-7.40644
1612,1612,germany,41.9,-86.583
1622,1622,germany,41.9,-86.583
1651,1651,germany,43.3431,-86.4045
1652,1652,germany,43.3431,-86.4045
1676,1676,germany,41.879,-86.607
1684,1684,germany,41.879,-86.607
1739,1739,germany,42.405,-85.398
1741,1741,germany,42.405,-85.398
1756,1756,germany,42.184,-86.358
1757,1757,germany,42.184,-86.358
1793,1793,germany,41.847,-86.67
1797,1797,germany,41.847,-86.67
1819,1819,germany,41.8,-86.67
1820,1820,germany,41.8,-86.67
1829,1829,germany,42.051,-86.509
1834,1834,germany,42.051,-86.509
1835,1835,germany,42.051,-86.509
1851,1851,germany,43.595,-86.2657
1852,1852,germany,43.595,-86.2657
1853,1853,germany,43.595,-86.2657
1872,1872,germany,43.595,-86.2657
1925,1925,germany,43.5251,-86.1843
1942,1942,germany,43.5251,-86.1843
1943,1943,germany,43.5251,-86.1843
1954,1954,germany,43.5187,-86.1739
2017,2017,germany,43.5356,-86.1788
2031,2031,germany,42.166,-86.412
2053,2053,germany,42.166,-86.412
2057,2057,germany,42.166,-86.412
2081,2081,germany,43.2483,-86.3368
2091,2091,germany,43.2483,-86.3368
2106,2106,germany,43.2749,-86.0891
2108,2108,germany,43.2749,-86.0891
2141,2141,germany,43.2749,-86.0891
2159,2159,germany,42.148,-86.431
2166,2166,germany,42.148,-86.431
2171,2171,germany,42.148,-86.431
2191,2191,germany,43.7623,-86.3929
2212,2212,germany,43.7623,-86.3929
2239,2239,germany,42.184,-86.382
2240,2240,germany,42.184,-86.382
2278,2278,germany,43.665,-86.496
2285,2285,germany,43.665,-86.496
2286,2286,germany,43.665,-86.496
2370,2370,germany,41.865,-86.646
2412,2412,germany,41.865,-86.646
470,470,germany,40.8313,-87.735
476,476,germany,40.8313,-87.735
484,484,germany,40.8313,-87.735
504,504,germany,40.8313,-87.735
506,506,germany,40.8313,-87.735
5104,5104,germany,51.3,0.5
531,531,germany,40.8313,-87.735
544,544,germany,40.9076,-73.2089
546,546,germany,40.9076,-73.2089
5486,5486,germany,54.6,-3.3
5748,5748,germany,56,-4.4
5800,5800,germany,57.4,-5.5
6180,6180,germany,62.6322,17.6906
6252,6252,germany,55.5796,14.3336
6255,6255,germany,55.5796,14.334
6268,6268,germany,55.5796,14.3336
6276,6276,germany,55.5796,14.3336
6739,6739,germany,40.8585,-73.4675
6740,6740,germany,40.8585,-73.4675
6744,6744,germany,40.8585,-73.4675
6749,6749,germany,42.4489,-76.5072
6750,6750,germany,42.4489,-76.5072
680,680,germany,40.9447,-72.8615
6805,6805,germany,42.373,-71.0627
6806,6806,germany,42.373,-71.0627
681,681,germany,40.9447,-72.8615
6814,6814,germany,41.2816,-86.621
685,685,germany,40.9064,-73.1493
687,687,germany,40.9064,-73.1493
6909,6909,germany,38.3,-92.3
6915,6915,germany,50.3,6.3
6922,6922,germany,50.3,8
6927,6927,germany,41.2816,-86.621
6940,6940,germany,50.3,8.3
6945,6945,germany,52.24,4.45
6973,6973,germany,56.0648,13.9707
6982,6982,germany,52.3,9.3
6997,6997,germany,51.8333,5.5833
7000,7000,germany,50.9167,9.57073
7002,7002,germany,51.3333,6.1
7008,7008,germany,52,5.675
7014,7014,germany,56.5459,-4.79821
7031,7031,germany,50.0167,8.6667
7033,7033,germany,41.3599,-122.755
7036,7036,germany,50.5,9.5
7062,7062,germany,50.2981,8.26607
7094,7094,germany,49.8724,8.65081
7102,7102,germany,50.7224,8.2372
7117,7117,germany,51.5105,9.68253
7119,7119,germany,50,8.5
7125,7125,germany,49.5955,11.0087
7133,7133,germany,50.1102,8.6822
7143,7143,germany,51.0167,5.86667
7160,7160,germany,43.178,-85.2532
7161,7161,germany,53.5,10.5
7162,7162,germany,52.24,9.44
7165,7165,germany,51.3472,8.28844
7192,7192,germany,55.6395,-5.66364
7199,7199,germany,50.95,6.9666
7202,7202,germany,50.1797,8.50861
7208,7208,germany,55.6739,-3.78181
7231,7231,germany,50.3833,8.0666
7244,7244,germany,50.001,8.26664
7248,7248,germany,41.3923,-70.6652
7250,7250,germany,51.9183,10.1138
7255,7255,germany,50.95,7.5
7258,7258,germany,50.5,8.5
7276,7276,germany,50.2,8.5833
728,728,germany,40.9352,-73.114
7280,7280,germany,53.1667,8.2
7282,7282,germany,50.3827,8.01161
7287,7287,germany,53.3422,8.42255
7322,7322,germany,56.3,34
7337,7337,germany,50.8738,8.02341
7356,7356,germany,41.6639,-83.5553
7358,7358,germany,41.6639,-83.5553
7359,7359,germany,41.6639,-83.5553
7377,7377,germany,43.2708,-85.2563
7415,7415,germany,49.7878,9.9361
7416,7416,germany,37.45,-119.35
7419,7419,germany,50.3058,8.32213
742,742,germany,40.9352,-73.114
7461,7461,germany,49,15
7475,7475,germany,41.767,-72.677
7515,7515,germany,41.5609,-86.4251
7516,7516,germany,55.58,14.334
7517,7517,germany,55.58,14.334
7523,7523,germany,42.0945,-86.3253
7525,7525,germany,42.036,-86.511
7529,7529,germany,42.0333,-86.5128
7530,7530,germany,42.0333,-86.5128
7566,7566,germany,42.093,-86.359
7568,7568,germany,42.093,-86.359
7717,7717,germany,41.273,-86.625
7757,7757,germany,41.273,-86.625
7767,7767,germany,41.273,-86.625
7917,7917,germany,42.0945,-86.3253
7947,7947,germany,42.0945,-86.3253
801,801,germany,37.9169,-84.4639
8037,8037,germany,41.3423,-86.7368
8057,8057,germany,41.3423,-86.7368
8077,8077,germany,41.3423,-86.7368
8132,8132,germany,42.036,-86.511
8171,8171,germany,42.036,-86.511
8233,8233,germany,41.1876,-87.1923
8238,8238,germany,51.15,0.4
8239,8239,germany,51,7
8246,8246,germany,35,-79.18
8312,8312,germany,50.5,7.5
8387,8387,germany,59,18
8420,8420,germany,50.0667,8.5333
8464,8464,germany,41.6862,-86.8513
8483,8483,germany,41.6862,-86.8513
853,853,germany,41.7976,-86.6691
854,854,germany,41.7976,-86.6691
867,867,germany,41.8266,-86.4366
868,868,germany,41.8266,-86.4366
8699,8699,germany,42.0945,-86.3253
870,870,germany,41.8266,-86.4366
8723,8723,germany,42.0945,-86.3253
9027,9027,germany,42.036,-86.511
915,915,germany,41.8972,-71.4378
9442,9442,germany,55.5678,14.3398
9476,9476,germany,55.5796,14.3336
9920,9920,germany,48.54,4.32
9762,9762,Etna-2,37.69,14.98
6911,6911,CVI,15.1111,-23.6167
10005,10005,central_europe,46.11,21.95
10017,10017,central_europe,44.34,21.46
10018,10018,central_europe,44.84,20.16
10020,10020,central_europe,49.17,16.5
10027,10027,central_europe,48.02838,7.765567
15591,15591,central_europe,48.3315333,14.72665
15592,15592,central_europe,48.3314667,14.7158667
15593,15593,central_europe,48.3314667,14.7158667
19949,19949,central_europe,48.3268333,14.7181667
19950,19950,central_europe,48.3268333,14.7181667
19951,19951,central_europe,48.3268333,14.7181667
403,403,central_europe,49.3667,16.2667
410,410,central_europe,49.4211,16.3497
424,424,central_europe,49.4112,16.2815
428,428,central_europe,49.403,16.232
430,430,central_europe,47,15.5
5837,5837,central_europe,49.4013,16.2326
5874,5874,central_europe,49.4112,16.2815
5890,5890,central_europe,49.4112,16.2815
5893,5893,central_europe,49.4112,16.2815
5907,5907,central_europe,49.4112,16.2815
5921,5921,central_europe,49.4112,16.2815
5950,5950,central_europe,49.4112,16.2815
5984,5984,central_europe,49.4112,16.2815
5993,5993,central_europe,49.4112,16.2815
6008,6008,central_europe,49.1,16.2
6243,6243,central_europe,56.27373,13.90045
6296,6296,central_europe,49.2771,16.6314
6390,6390,central_europe,49.2771,16.6314
6396,6396,central_europe,49.2771,16.6314
6424,6424,central_europe,49.3853,16.2544
6445,6445,central_europe,49.3853,16.2544
6903,6903,central_europe,49.4013,16.2326
6919,6919,central_europe,50.3,8
6951,6951,central_europe,49.42,16.36
6956,6956,central_europe,49.42,16.36
6957,6957,central_europe,49.42,16.36
6975,6975,central_europe,48.3,14.45
6976,6976,central_europe,48.3,14.45
6979,6979,central_europe,47.25,8.26
6984,6984,central_europe,49.3853,16.2544
7025,7025,central_europe,44.5041,11.3396
7067,7067,central_europe,37.3,15
7103,7103,central_europe,49.4167,16.2667
7106,7106,central_europe,51.051,13.7336
7120,7120,central_europe,50,8.5
7158,7158,central_europe,47,15.5
7177,7177,central_europe,49,15
7186,7186,central_europe,54.8969,23.8924
7203,7203,central_europe,49.631,11.5722
7207,7207,central_europe,35.0085,135.752
7223,7223,central_europe,50.3833,8.0666
7236,7236,central_europe,,
7273,7273,central_europe,51.0581,13.2995
7296,7296,central_europe,59,29
7298,7298,central_europe,47.04,10.51
7333,7333,central_europe,46.5438,11.5614
7347,7347,central_europe,52,36
7349,7349,central_europe,49.5,14.5
7350,7350,central_europe,47.2413,-122.459
7372,7372,central_europe,47.0748,9.9042
7396,7396,central_europe,52.3,30
7411,7411,central_europe,47.9299,10.8134
7413,7413,central_europe,54.6833,25.3167
7424,7424,central_europe,49.2,16.6166
7427,7427,central_europe,,
7460,7460,central_europe,,
7520,7520,central_europe,49.38,16.81
7521,7521,central_europe,49.38,16.81
8235,8235,central_europe,48.8,17.1
8236,8236,central_europe,49.33,15.76
8284,8284,central_europe,49.4112,16.2815
8285,8285,central_europe,49.4112,16.2815
8290,8290,central_europe,50,8.5
8311,8311,central_europe,47.5,11.5
8365,8365,central_europe,49,16
8386,8386,central_europe,58.9,11.2
8419,8419,central_europe,54.6833,25.3167
9644,9644,central_europe,45.07,18.72
9645,9645,central_europe,45.17,18.7
9664,9664,central_europe,46.36,11.28
9665,9665,central_europe,46.36,11.28
9666,9666,central_europe,46.36,11.28
9667,9667,central_europe,46.36,11.28
9668,9668,central_europe,46.37,11.28
9669,9669,central_europe,46.37,11.28
9670,9670,central_europe,46.37,11.28
9671,9671,central_europe,46.37,11.28
9672,9672,central_europe,46.37,11.28
9673,9673,central_europe,46.37,11.28
9676,9676,central_europe,46.37,11.29
9677,9677,central_europe,46.37,11.29
9678,9678,central_europe,46.37,11.29
9679,9679,central_europe,46.34,11.29
9680,9680,central_europe,46.34,11.29
9681,9681,central_europe,46.34,11.29
9682,9682,central_europe,46.34,11.29
9683,9683,central_europe,46.34,11.29
9684,9684,central_europe,46.34,11.29
9685,9685,central_europe,46.34,11.29
9686,9686,central_europe,46.34,11.29
9687,9687,central_europe,46.34,11.29
9689,9689,central_europe,46.34,11.29
9690,9690,central_europe,46.34,11.29
9692,9692,central_europe,46.34,11.29
9693,9693,central_europe,46.34,11.29
9694,9694,central_europe,46.34,11.29
9695,9695,central_europe,46.34,11.29
9696,9696,central_europe,46.34,11.29
9727,9727,central_europe,37.63,21.62
9728,9728,central_europe,48.46,18.9
9729,9729,central_europe,48.46,18.9
9730,9730,central_europe,48.47,18.94
9731,9731,central_europe,48.46,18.9
9732,9732,central_europe,48.47,18.96
9733,9733,central_europe,48.47,18.94
9735,9735,central_europe,48.47,18.94
9739,9739,central_europe,46.01,22.33
9741,9741,central_europe,45.84,23.16
9747,9747,central_europe,44.38,21.22
9756,9756,central_europe,44.3,21.08
9761,9761,central_europe,33.92,35.7
9768,9768,central_europe,48.57,9.16
9769,9769,central_europe,48.55,8.99
9770,9770,central_europe,48.53,9.01
9771,9771,central_europe,48.56,9.11
9772,9772,central_europe,48.41,8.85
9774,9774,central_europe,48.59,9.22
9775,9775,central_europe,48.41,8.79
9776,9776,central_europe,48.43,8.79
9777,9777,central_europe,48.57,9.17
9778,9778,central_europe,48.41,8.84
9779,9779,central_europe,48.5,8.78
9780,9780,central_europe,48.43,8.79
9781,9781,central_europe,48.52,9.11
9782,9782,central_europe,48.53,9.09
9784,9784,central_europe,48.5,8.8
9785,9785,central_europe,48.54,9.02
9786,9786,central_europe,48.54,9.01
9787,9787,central_europe,48.5,9
9788,9788,central_europe,48.53,9.01
9789,9789,central_europe,48.39,8.96
9790,9790,central_europe,48.58,9.18
9791,9791,central_europe,48.6,9.2
9792,9792,central_europe,48.54,9.09
9793,9793,central_europe,48.57,9.16
9794,9794,central_europe,48.52,9.08
9795,9795,central_europe,48.5,9.11
9796,9796,central_europe,48.41,8.84
9797,9797,central_europe,48.54,9.02
9798,9798,central_europe,48.54,9.01
9799,9799,central_europe,48.39,8.85
9800,9800,central_europe,48.54,9.01
9801,9801,central_europe,48.54,9.01
9802,9802,central_europe,48.51,9.11
9803,9803,central_europe,48.42,8.76
9804,9804,central_europe,48.45,8.87
9805,9805,central_europe,48.54,9.09
9806,9806,central_europe,48.56,9.16
9807,9807,central_europe,48.6,9.22
9808,9808,central_europe,48.52,9.08
9810,9810,central_europe,48.53,9.07
9811,9811,central_europe,48.52,9.05
9812,9812,central_europe,48.52,9.03
9813,9813,central_europe,48.4,8.77
9814,9814,central_europe,48.42,8.79
9815,9815,central_europe,48.54,9.02
9816,9816,central_europe,48.55,9.06
9914,9914,central_europe,47.58,5.33
9915,9915,central_europe,47.45,3.94
9930,9930,central_europe,43.91,4.14
9970,9970,central_europe,46.37,42.54
9971,9971,central_europe,46.51,37.38
9972,9972,central_europe,46.51,42.27
9973,9973,central_europe,46.36,40.71
9974,9974,central_europe,46.34,42.31
9975,9975,central_europe,46.34,40.95
9976,9976,central_europe,46.25,40.76
9978,9978,central_europe,46.63,40
9979,9979,central_europe,46.36,50.72
9995,9995,central_europe,48.14,48.59
9996,9996,central_europe,48.52,48.91
9997,9997,central_europe,48.56,48.86
9999,9999,central_europe,48.53,44.12
7063,7063,CAN,29.2144,-13.4811
10008,10008,asia,41.45,70.05
10009,10009,asia,41.45,70.05
10010,10010,asia,41.45,70.05
10011,10011,asia,39.8692,45.3622
10015,10015,asia,37.29,71.3
14312,14312,asia,62.02,34.12
14313,14313,asia,62.02,34.12
14314,14314,asia,61.59,35.11
14315,14315,asia,61.59,35.11
14318,14318,asia,61.94,34.24
14319,14319,asia,61.94,34.24
15560,15560,asia,61.37,61.37
18694,18694,asia,60.4,32.09
18696,18696,asia,61.57,30.63
1890,1890,asia,43.5139,-86.1859
6929,6929,asia,38.48,68.49
6931,6931,asia,49.5,73.1
6938,6938,asia,55.7522,37.6322
6963,6963,asia,38.35,68.48
7183,7183,asia,35,77
7323,7323,asia,49,38.28
763,763,asia,42.3,74.3667
765,765,asia,42.1833,73.4
766,766,asia,42.5833,73.6333
768,768,asia,42.8,76.35
772,772,asia,37.35,72.4667
8354,8354,asia,58,56.3167
8424,8424,asia,35,77
9125,9125,asia,40.1408,44.8203
9128,9128,asia,39.8692,45.3622
9130,9130,asia,39.8692,45.3622
9131,9131,asia,39.8692,45.3622
9133,9133,asia,39.8692,45.3622
9134,9134,asia,39.8692,45.3622
9607,9607,asia,53.05,52.15
9608,9608,asia,51.37,59.44
9609,9609,asia,51.41,59.98
9610,9610,asia,53.04,51.96
9611,9611,asia,53.04,51.9
9612,9612,asia,53.04,51.94
9615,9615,asia,52.99,52.16
9616,9616,asia,53.06,51.96
9617,9617,asia,51.37,59.44
9619,9619,asia,51.84,79.48
9620,9620,asia,51.82,79.48
9621,9621,asia,51.84,79.46
9624,9624,asia,53.6,79.37
9625,9625,asia,51.31,82.59
9626,9626,asia,51.36,82.59
9627,9627,asia,51.32,82.55
9628,9628,asia,51.33,82.54
9629,9629,asia,51.35,82.18
9630,9630,asia,51.34,82.16
9631,9631,asia,51.65,80.79
9632,9632,asia,51.67,80.82
9633,9633,asia,51.63,80.83
9634,9634,asia,54.13,81.31
9635,9635,asia,51.87,80.6
9636,9636,asia,51.75,80.82
9637,9637,asia,51.77,80.85
9638,9638,asia,51.73,80.86
9639,9639,asia,53.82,80.31
9640,9640,asia,51.87,80.06
9641,9641,asia,51.9,80.06
9642,9642,asia,51.84,80.06
9643,9643,asia,52.1,79.31
9737,9737,asia,45.95,22.62
9745,9745,asia,41.45,70.05
9758,9758,asia,47.75,88.4
9766,9766,asia,42.26,74.16
9951,9951,asia,51.3333,82.5667
9952,9952,asia,51.32,82.55
9953,9953,asia,51.33,82.19
9955,9955,asia,54.09,60.46
9956,9956,asia,54.06,60.48
9957,9957,asia,53.04,51.75
9958,9958,asia,53.33,41.14
9959,9959,asia,53.33,42.38
9960,9960,asia,51.31,40.4
Alg,Alg,Alg_h,36.874948,10.051715
10022,10022,admixed,48.0333,7.7667
10023,10023,admixed,,
1313,1313,admixed,59.5667,16.8667
1317,1317,admixed,59.5667,16.8667
2016,2016,admixed,43.5356,-86.1788
2202,2202,admixed,43.7623,-86.3929
2276,2276,admixed,43.665,-86.496
2317,2317,admixed,42.03,-86.514
265,265,admixed,44.65,-1.16667
5151,5151,admixed,52.2,-1.7
5165,5165,admixed,51.3,0.4
5720,5720,admixed,53.3,-1.6
5757,5757,admixed,54.6,-2.3
5768,5768,admixed,54.1,-1.5
5772,5772,admixed,54.1,-2.3
5784,5784,admixed,56.4,-5.2
5811,5811,admixed,52.9,-3.1
5822,5822,admixed,56.7333,-5.98333
6039,6039,admixed,56.1,13.74
6042,6042,admixed,56.09,13.9
6086,6086,admixed,58.9,11.2
6258,6258,admixed,55.5796,14.3336
6434,6434,admixed,49.3853,16.2544
6830,6830,admixed,49.5,73.1
6898,6898,admixed,51.2167,4.4
6907,6907,admixed,51.4083,-0.6383
6920,6920,admixed,51.5338,9.9355
6932,6932,admixed,47.984,10.8719
6981,6981,admixed,52.3,30
6987,6987,admixed,48.0683,7.62551
6990,6990,admixed,53.448,5.73
6992,6992,admixed,50.3,5.3
7003,7003,admixed,47.5,7.5
7028,7028,admixed,49.5166,9.3166
7058,7058,admixed,54.1,-6.2
7061,7061,admixed,53.2699,-1.64293
7072,7072,admixed,53.7502,34.7361
7096,7096,admixed,47.3239,5.04278
7111,7111,admixed,55.9494,-3.16028
7126,7126,admixed,60.1997,24.5682
7127,7127,admixed,58.6656,24.9871
7138,7138,admixed,50.5,8.0167
7147,7147,admixed,50.584,8.67825
7163,7163,admixed,52.3721,9.73569
7169,7169,admixed,54.4175,9.88682
7181,7181,admixed,50.927,11.587
7209,7209,admixed,52.7333,15.2333
7213,7213,admixed,47.984,10.8719
7218,7218,admixed,52.1611,4.49015
7268,7268,admixed,52.6969,10.981
7288,7288,admixed,60.385543,6.193019
7305,7305,admixed,53.476,10.6065
7314,7314,admixed,54.3512,-3.41697
7316,7316,admixed,51.9667,5.56667
7319,7319,admixed,42,12.1
7342,7342,admixed,53.6473,-3.00733
7344,7344,admixed,47.6667,9.5
7353,7353,admixed,52.08,4.3
7373,7373,admixed,34.43,136.31
7378,7378,admixed,48.0333,7.7667
7382,7382,admixed,52.0918,5.1145
7384,7384,admixed,52.0333,5.55
7394,7394,admixed,52.3,21
7404,7404,admixed,52.6,10.0667
7418,7418,admixed,47.3667,8.55
7430,7430,admixed,48.6167,6.25
7471,7471,admixed,,
7477,7477,admixed,41.7302,-71.2825
7514,7514,admixed,41.5609,-86.4251
8256,8256,admixed,56.4,12.9
8334,8334,admixed,55.71,13.2
8343,8343,admixed,47.5,1.5
8366,8366,admixed,50.5,8.5
9058,9058,admixed,57.75,16.6333
9336,9336,admixed,62.8794,18.4473
9343,9343,admixed,57.3089,18.1512
9381,9381,admixed,55.8106,14.2091
9382,9382,admixed,55.8106,14.2091
9383,9383,admixed,55.8106,14.2091
9394,9394,admixed,56.5804,16.4063
9506,9506,admixed,40.11,-7.47
9508,9508,admixed,40.04,-7.11
9513,9513,admixed,38.77,-4.07
9523,9523,admixed,38.37,-2.66
9527,9527,admixed,40.37,-5.74
9529,9529,admixed,36.97,-3.36
9530,9530,admixed,38.25,-4.32
9536,9536,admixed,40.83,-2
9548,9548,admixed,40.4,-5
9551,9551,admixed,42.28,-5.92
9552,9552,admixed,40.87,-4.5
9558,9558,admixed,41.57,-5.64
9559,9559,admixed,38.06,-4.38
9561,9561,admixed,40.71,-5.04
9565,9565,admixed,42.97,-1.23
9576,9576,admixed,40.86,-4.11
9579,9579,admixed,38.33,-3.51
9581,9581,admixed,42.84,-5.12
9591,9591,admixed,42.86,-3.59
9592,9592,admixed,42.1,-5.44
9595,9595,admixed,40.89,-5.5
9596,9596,admixed,41.95,-7.45
9622,9622,admixed,52.52,85.27
9663,9663,admixed,41.33,14.09
9691,9691,admixed,46.34,11.29
9736,9736,admixed,44.69,25.17
9738,9738,admixed,45.57,25.42
9743,9743,admixed,45.14,25
9744,9744,admixed,47.16,27.59
9748,9748,admixed,44.23,21.71
9754,9754,admixed,44.66,21.37
9783,9783,admixed,48.52,9.05
9824,9824,admixed,42.91,-4.91
9830,9830,admixed,36.97,-3.28
9831,9831,admixed,38.54,-3.39
9835,9835,admixed,40.61,-6.57
9838,9838,admixed,41.83,-5.38
9839,9839,admixed,40.44,-4.27
9849,9849,admixed,40.65,-4.11
9858,9858,admixed,40.98,-3.8
9877,9877,admixed,43.02,-5.6
9881,9881,admixed,40.46,-5.32
9890,9890,admixed,43.16,-5.07
9892,9892,admixed,42.68,-6.96
9894,9894,admixed,42.59,0.76
9897,9897,admixed,40.95,-5.63
9906,9906,admixed,40,4.25
9924,9924,admixed,48.59,4.24
9932,9932,admixed,44.12,4.33
9933,9933,admixed,43.74,3.89
9945,9945,admixed,41.8,-3.11
9983,9983,admixed,41.62,47.16
9984,9984,admixed,41.62,46.67
9993,9993,admixed,38.6425,48.57
9998,9998,admixed,48.43,44.05
211399,211399,,,
21131,21131,,,
21132,21132,,,
21133,21133,,,
21134,21134,,,
21135,21135,,,
21136,21136,,,
21137,21137,,,
21139,21139,,,
